phash,n,cross_subset,paths
f7f7f7f7f7000000,3,True,InsPLAD-det/train/239-1_DJI_0280.jpg;InsPLAD-det/train/239-1_DJI_0283.jpg;supervised_fault_classification/defect_supervised/glass-insulator/train/good/Fotos 02-12-2020_DJI_0195_cadeia_isolador_vidro_581.jpg
f7f7f7f7f7640000,3,False,InsPLAD-det/train/239-1_DJI_0285.jpg;InsPLAD-det/train/239-1_DJI_0287.jpg;InsPLAD-det/train/239-1_DJI_0289.jpg
f7f7f7f7f7740000,2,False,InsPLAD-det/train/239-1_DJI_0286.jpg;InsPLAD-det/train/239-1_DJI_0288.jpg
fffffffb00000000,2,False,InsPLAD-det/train/239-2_DJI_0146.jpg;InsPLAD-det/train/276-2_DJI_0452.jpg
ffff272400000000,4,False,InsPLAD-det/train/241-2_DJI_0555.jpg;InsPLAD-det/train/241-2_DJI_0556.jpg;InsPLAD-det/train/241-2_DJI_0557.jpg;InsPLAD-det/train/241-2_DJI_0560.jpg
e7e7e7e7e7e7e767,2,False,InsPLAD-det/train/242-1_DJI_0395.jpg;InsPLAD-det/train/247-2_DJI_0216.jpg
e7e7e7e7e7e7e7e7,19,True,InsPLAD-det/train/242-1_DJI_0396.jpg;InsPLAD-det/train/247-2_DJI_0275.jpg;InsPLAD-det/train/247-2_DJI_0276.jpg;InsPLAD-det/train/247-2_DJI_0278.jpg;InsPLAD-det/train/247-2_DJI_0279.jpg;InsPLAD-det/train/247-2_DJI_0281.jpg;InsPLAD-det/train/247-2_DJI_0282.jpg;InsPLAD-det/train/247-2_DJI_0285.jpg;InsPLAD-det/train/247-2_DJI_0286.jpg;InsPLAD-det/train/247-2_DJI_0287.jpg;InsPLAD-det/train/247-2_DJI_0213.jpg;InsPLAD-det/train/247-2_DJI_0214.jpg;InsPLAD-det/train/246-2_DJI_0418.jpg;supervised_fault_classification/defect_supervised/glass-insulator/train/good/Fotos 25-11-2020_DJI_0550_cadeia_isolador_vidro_1644.jpg;supervised_fault_classification/defect_supervised/glass-insulator/train/good/Fotos 25-11-2020_DJI_0551_cadeia_isolador_vidro_1645.jpg;supervised_fault_classification/defect_supervised/glass-insulator/train/good/Fotos 25-11-2020_DJI_0556_cadeia_isolador_vidro_1650.jpg;supervised_fault_classification/defect_supervised/glass-insulator/train/good/Fotos 30-11-2020_DJI_0262_cadeia_isolador_vidro_2790.jpg;supervised_fault_classification/defect_supervised/glass-insulator/train/good/Fotos 30-11-2020_DJI_0322_cadeia_isolador_vidro_2756.jpg;supervised_fault_classification/defect_supervised/glass-insulator/train/good/Fotos 30-11-2020_DJI_0443_cadeia_isolador_vidro_2692.jpg
cfcfcfcfce4c4c4c,2,False,InsPLAD-det/train/242-1_DJI_0411.jpg;InsPLAD-det/train/242-1_DJI_0412.jpg
f7f7f37272121010,2,False,InsPLAD-det/train/242-1_DJI_0442.jpg;InsPLAD-det/train/242-1_DJI_0443.jpg
f7f7f77700000000,2,False,InsPLAD-det/train/243-1_DJI_0263.jpg;InsPLAD-det/train/244-1_DJI_0097.jpg
4f4f484e4f4f4e4f,2,False,InsPLAD-det/train/243-1_DJI_0298.jpg;InsPLAD-det/train/243-1_DJI_0299.jpg
7f7f7f3f3f000000,2,True,InsPLAD-det/train/243-2_DJI_0163.jpg;unsupervised_anomaly_detection/damper-preformed/train/good/Fotos 16-12-2020_DJI_0163_amortecedor_preformado_474.jpg
cfcfcfcfcfcfcfcf,2,False,InsPLAD-det/train/247-2_DJI_0283.jpg;InsPLAD-det/train/246-2_DJI_0415.jpg
4f4f4f4f4f4f4e4e,2,False,InsPLAD-det/train/248-2_DJI_0076.jpg;InsPLAD-det/train/248-2_DJI_0077.jpg
ffffffffff000000,10,True,InsPLAD-det/train/249-1_DJI_0002.jpg;InsPLAD-det/train/282-2_DJI_0195.jpg;InsPLAD-det/train/282-2_DJI_0196.jpg;InsPLAD-det/train/282-2_DJI_0197.jpg;InsPLAD-det/train/282-2_DJI_0198.jpg;InsPLAD-det/train/282-2_DJI_0199.jpg;supervised_fault_classification/defect_supervised/glass-insulator/train/good/Fotos 02-12-2020_DJI_0196_cadeia_isolador_vidro_582.jpg;unsupervised_anomaly_detection/damper-preformed/train/good/Fotos 14-12-2020_DJI_0002_amortecedor_preformado_389.jpg;unsupervised_anomaly_detection/damper-preformed/train/good/Fotos 16-11-2020_DJI_0151_amortecedor_preformado_410.jpg;unsupervised_anomaly_detection/damper-stockbridge/test/good/Fotos 04-12-2020_DJI_0760_amortecedor_stockbridge_1132.jpg
efefefefef4f0000,2,False,InsPLAD-det/train/247-1_DJI_0392.jpg;InsPLAD-det/train/246-2_DJI_0426.jpg
cfcfcfcfcfcfcf00,2,False,InsPLAD-det/train/247-2_DJI_0223.jpg;InsPLAD-det/train/247-2_DJI_0224.jpg
efefefefefefef00,3,False,InsPLAD-det/train/247-2_DJI_0225.jpg;InsPLAD-det/train/247-2_DJI_0227.jpg;InsPLAD-det/train/247-2_DJI_0229.jpg
e7e7e7e7e7e7e700,3,True,InsPLAD-det/train/247-2_DJI_0228.jpg;supervised_fault_classification/defect_supervised/glass-insulator/train/good/Fotos 26-11-2020_DJI_0414_cadeia_isolador_vidro_1945.jpg;supervised_fault_classification/defect_supervised/glass-insulator/train/good/Fotos 30-11-2020_DJI_0040_cadeia_isolador_vidro_2958.jpg
f7f7f7f700000000,2,False,InsPLAD-det/train/247-2_DJI_0250.jpg;InsPLAD-det/train/289-1_DJI_0513.jpg
e7e7e7e7e7270000,2,False,InsPLAD-det/train/246-2_DJI_0422.jpg;InsPLAD-det/train/246-2_DJI_0428.jpg
efefefefef030000,2,False,InsPLAD-det/train/246-2_DJI_0427.jpg;InsPLAD-det/train/246-2_DJI_0429.jpg
ffffff4c00000000,3,False,InsPLAD-det/train/246-2_DJI_0443.jpg;InsPLAD-det/train/246-2_DJI_0446.jpg;InsPLAD-det/train/246-2_DJI_0448.jpg
efefefefef400000,2,False,InsPLAD-det/train/246-2_DJI_0488.jpg;InsPLAD-det/train/246-2_DJI_0493.jpg
efefefefefef0000,2,False,InsPLAD-det/train/247-1_DJI_0309.jpg;InsPLAD-det/train/247-1_DJI_0310.jpg
efefefefefe00000,2,False,InsPLAD-det/train/247-1_DJI_0314.jpg;InsPLAD-det/train/247-1_DJI_0316.jpg
dfdfdfdfdfdf0000,2,False,InsPLAD-det/train/247-1_DJI_0317.jpg;InsPLAD-det/train/244-1_DJI_0123.jpg
e7e7e7e767242424,2,False,InsPLAD-det/train/244-2_DJI_0020.jpg;InsPLAD-det/train/244-2_DJI_0022.jpg
e7e7e7e7e7672424,2,False,InsPLAD-det/train/244-2_DJI_0024.jpg;InsPLAD-det/train/244-2_DJI_0025.jpg
efefefe724242026,2,False,InsPLAD-det/train/244-2_DJI_0041.jpg;InsPLAD-det/train/244-2_DJI_0042.jpg
e7e7e7e766242424,2,False,InsPLAD-det/train/244-2_DJI_0043.jpg;InsPLAD-det/train/244-2_DJI_0044.jpg
f6f6f7f7f7100000,2,False,InsPLAD-det/train/244-2_DJI_0046.jpg;InsPLAD-det/train/244-2_DJI_0047.jpg
ffff040000000000,3,False,InsPLAD-det/train/255-1_DJI_0277.jpg;InsPLAD-det/train/254-1_DJI_0332.jpg;InsPLAD-det/train/279-1_DJI_0073.jpg
ffff000000000000,14,True,InsPLAD-det/train/255-1_DJI_0278.jpg;InsPLAD-det/train/253-2_DJI_0010.jpg;InsPLAD-det/train/253-2_DJI_0011.jpg;InsPLAD-det/train/253-2_DJI_0012.jpg;InsPLAD-det/train/254-1_DJI_0333.jpg;InsPLAD-det/train/249-2_DJI_0319.jpg;InsPLAD-det/train/249-2_DJI_0320.jpg;InsPLAD-det/train/281-2_DJI_0292.jpg;InsPLAD-det/train/281-2_DJI_0295.jpg;InsPLAD-det/train/279-1_DJI_0078.jpg;InsPLAD-det/train/279-2_DJI_0019.jpg;InsPLAD-det/train/259-1_DJI_0304.jpg;supervised_fault_classification/defect_supervised/glass-insulator/train/good/Fotos 02-12-2020_DJI_0292_cadeia_isolador_vidro_488.jpg;unsupervised_anomaly_detection/damper-preformed/train/good/Fotos 14-12-2020_DJI_0157_amortecedor_preformado_383.jpg
ffff070000000000,2,False,InsPLAD-det/train/254-1_DJI_0342.jpg;InsPLAD-det/train/254-1_DJI_0344.jpg
ffffe00000000000,2,True,InsPLAD-det/train/252-2_DJI_0111.jpg;unsupervised_anomaly_detection/damper-preformed/test/good/Fotos 19-11-2020_DJI_0073_amortecedor_preformado_676.jpg
ffffff1000000000,5,True,InsPLAD-det/train/249-2_DJI_0328.jpg;InsPLAD-det/train/249-2_DJI_0329.jpg;supervised_fault_classification/defect_supervised/glass-insulator/train/good/Fotos 02-12-2020_DJI_0522_cadeia_isolador_vidro_401.jpg;supervised_fault_classification/defect_supervised/glass-insulator/train/good/Fotos 02-12-2020_DJI_0523_cadeia_isolador_vidro_402.jpg;supervised_fault_classification/defect_supervised/glass-insulator/train/good/Fotos 02-12-2020_DJI_0526_cadeia_isolador_vidro_405.jpg
1f06fcff07000000,2,False,InsPLAD-det/train/251-1_DJI_0206.jpg;InsPLAD-det/train/251-1_DJI_0207.jpg
ff7f101010b8f090,4,False,InsPLAD-det/train/284-2_DJI_0450.jpg;InsPLAD-det/train/284-2_DJI_0451.jpg;InsPLAD-det/train/284-2_DJI_0452.jpg;InsPLAD-det/train/284-2_DJI_0453.jpg
ffffff0007000000,4,False,InsPLAD-det/train/284-2_DJI_0465.jpg;InsPLAD-det/train/257-1_DJI_0117.jpg;InsPLAD-det/train/257-1_DJI_0118.jpg;InsPLAD-det/train/257-1_DJI_0119.jpg
fffffff800000000,2,False,InsPLAD-det/train/284-2_DJI_0466.jpg;InsPLAD-det/train/270-1_DJI_0065.jpg
ffffff0000000000,20,True,InsPLAD-det/train/284-2_DJI_0486.jpg;InsPLAD-det/train/281-1_DJI_0376.jpg;InsPLAD-det/train/281-1_DJI_0380.jpg;InsPLAD-det/train/278-1_DJI_0229.jpg;InsPLAD-det/train/278-1_DJI_0230.jpg;InsPLAD-det/train/278-1_DJI_0231.jpg;InsPLAD-det/train/278-1_DJI_0232.jpg;InsPLAD-det/train/278-1_DJI_0233.jpg;InsPLAD-det/train/278-1_DJI_0234.jpg;InsPLAD-det/train/278-1_DJI_0235.jpg;InsPLAD-det/train/270-2_DJI_0013.jpg;InsPLAD-det/train/270-2_DJI_0014.jpg;InsPLAD-det/train/267-1_DJI_0468.jpg;InsPLAD-det/train/266-2_DJI_0498.jpg;InsPLAD-det/train/295-1_DJI_0205.jpg;InsPLAD-det/train/295-1_DJI_0206.jpg;supervised_fault_classification/defect_supervised/glass-insulator/train/good/Fotos 02-12-2020_DJI_0375_cadeia_isolador_vidro_463.jpg;supervised_fault_classification/defect_supervised/glass-insulator/train/good/Fotos 03-12-2020_DJI_0229_cadeia_isolador_vidro_945.jpg;supervised_fault_classification/defect_supervised/glass-insulator/train/good/Fotos 04-12-2020_DJI_0603_cadeia_isolador_vidro_1231.jpg;unsupervised_anomaly_detection/damper-preformed/train/good/Fotos 19-11-2020_DJI_0132_amortecedor_preformado_661.jpg
ffffffff03000000,4,True,InsPLAD-det/train/282-3_DJI_0140.jpg;InsPLAD-det/train/282-3_DJI_0141.jpg;InsPLAD-det/train/282-3_DJI_0142.jpg;unsupervised_anomaly_detection/damper-preformed/train/good/Fotos 18-11-2020_DJI_0021_amortecedor_preformado_625.jpg
ff7f3e1a1a181818,2,False,InsPLAD-det/train/283-1_DJI_0067.jpg;InsPLAD-det/train/283-1_DJI_0068.jpg
fffffff777000000,2,False,InsPLAD-det/train/283-1_DJI_0081.jpg;InsPLAD-det/train/283-1_DJI_0086.jpg
ffffffff77000000,2,False,InsPLAD-det/train/283-1_DJI_0084.jpg;InsPLAD-det/train/283-1_DJI_0085.jpg
ff7f181818181818,4,True,InsPLAD-det/train/283-2_DJI_0013.jpg;InsPLAD-det/train/283-2_DJI_0014.jpg;InsPLAD-det/train/283-2_DJI_0015.jpg;supervised_fault_classification/defect_supervised/glass-insulator/train/good/Fotos 02-12-2020_DJI_0013_cadeia_isolador_vidro_663.jpg
fffff01000000000,2,False,InsPLAD-det/train/283-2_DJI_0025.jpg;InsPLAD-det/train/283-2_DJI_0026.jpg
ffff001000000000,3,False,InsPLAD-det/train/281-2_DJI_0291.jpg;InsPLAD-det/train/281-2_DJI_0293.jpg;InsPLAD-det/train/281-2_DJI_0294.jpg
ffff002000000000,4,True,InsPLAD-det/train/281-2_DJI_0296.jpg;InsPLAD-det/train/281-2_DJI_0298.jpg;InsPLAD-det/train/281-2_DJI_0299.jpg;supervised_fault_classification/defect_supervised/glass-insulator/train/good/Fotos 02-12-2020_DJI_0297_cadeia_isolador_vidro_493.jpg
000001ffffffffff,2,False,InsPLAD-det/train/281-2_DJI_0306.jpg;InsPLAD-det/train/258-2_DJI_0340.jpg
13fbdab9fe3e0040,2,False,InsPLAD-det/train/281-2_DJI_0334.jpg;InsPLAD-det/train/281-2_DJI_0335.jpg
ffffff0800000000,2,False,InsPLAD-det/train/279-2_DJI_0050.jpg;InsPLAD-det/train/279-1_DJI_0119.jpg
ffff7f0800080800,3,False,InsPLAD-det/train/279-2_DJI_0051.jpg;InsPLAD-det/train/279-2_DJI_0054.jpg;InsPLAD-det/train/279-2_DJI_0055.jpg
feff3e00c00f5c08,2,False,InsPLAD-det/train/280-2_DJI_0418.jpg;InsPLAD-det/train/280-2_DJI_0420.jpg
0808087fff1f0808,2,False,InsPLAD-det/train/280-2_DJI_0436.jpg;InsPLAD-det/train/280-2_DJI_0437.jpg
ff0000187eff7f7e,2,False,InsPLAD-det/train/281-1_DJI_0359.jpg;InsPLAD-det/train/281-1_DJI_0360.jpg
fffffe0000000000,5,False,InsPLAD-det/train/281-1_DJI_0374.jpg;InsPLAD-det/train/281-1_DJI_0375.jpg;InsPLAD-det/train/281-1_DJI_0377.jpg;InsPLAD-det/train/281-1_DJI_0378.jpg;InsPLAD-det/train/281-1_DJI_0379.jpg
ffffff2000000000,2,False,InsPLAD-det/train/281-1_DJI_0381.jpg;InsPLAD-det/train/281-1_DJI_0382.jpg
fffff00000000000,2,False,InsPLAD-det/train/279-1_DJI_0072.jpg;InsPLAD-det/train/267-1_DJI_0470.jpg
ffff0c0000000000,2,False,InsPLAD-det/train/279-1_DJI_0074.jpg;InsPLAD-det/train/279-1_DJI_0077.jpg
ff18fffe081808c8,2,False,InsPLAD-det/train/279-1_DJI_0090.jpg;InsPLAD-det/train/279-1_DJI_0091.jpg
ffffff0808000800,4,True,InsPLAD-det/train/279-1_DJI_0114.jpg;InsPLAD-det/train/279-1_DJI_0116.jpg;supervised_fault_classification/defect_supervised/glass-insulator/train/good/Fotos 03-12-2020_DJI_0114_cadeia_isolador_vidro_1018.jpg;supervised_fault_classification/defect_supervised/glass-insulator/train/good/Fotos 03-12-2020_DJI_0116_cadeia_isolador_vidro_1020.jpg
ffffff0808000000,3,False,InsPLAD-det/train/279-1_DJI_0115.jpg;InsPLAD-det/train/279-1_DJI_0117.jpg;InsPLAD-det/train/279-1_DJI_0118.jpg
ffff000008000808,3,False,InsPLAD-det/train/279-2_DJI_0013.jpg;InsPLAD-det/train/279-2_DJI_0016.jpg;InsPLAD-det/train/279-2_DJI_0017.jpg
ffff000008080808,2,False,InsPLAD-det/train/279-2_DJI_0014.jpg;InsPLAD-det/train/279-2_DJI_0015.jpg
ffffffff00000000,7,True,InsPLAD-det/train/276-2_DJI_0450.jpg;InsPLAD-det/train/276-2_DJI_0451.jpg;InsPLAD-det/train/270-2_DJI_0023.jpg;InsPLAD-det/train/270-2_DJI_0024.jpg;supervised_fault_classification/defect_supervised/glass-insulator/train/good/Fotos 01-12-2020_DJI_0520_cadeia_isolador_vidro_41.jpg;supervised_fault_classification/defect_supervised/glass-insulator/val/missing-cap/Fotos 19-10-2020_DJI_0062_cadeia_isolador_vidro_2.jpg;unsupervised_anomaly_detection/damper-preformed/test/good/Fotos 19-11-2020_DJI_0047_amortecedor_preformado_681.jpg
ffffff9f01000000,2,False,InsPLAD-det/train/276-2_DJI_0446.jpg;InsPLAD-det/train/276-2_DJI_0447.jpg
fffff40000000000,2,False,InsPLAD-det/train/270-2_DJI_0012.jpg;InsPLAD-det/train/267-1_DJI_0469.jpg
ffffffe600000000,2,True,InsPLAD-det/train/270-2_DJI_0025.jpg;supervised_fault_classification/defect_supervised/glass-insulator/train/good/Fotos 02-12-2020_DJI_0382_cadeia_isolador_vidro_470.jpg
fffffc0000000000,2,True,InsPLAD-det/train/267-1_DJI_0445.jpg;unsupervised_anomaly_detection/damper-preformed/train/good/Fotos 19-11-2020_DJI_0133_amortecedor_preformado_663.jpg
18081818183cffff,2,False,InsPLAD-det/train/285-1_DJI_0391.jpg;InsPLAD-det/train/285-1_DJI_0392.jpg
181818181838ffff,3,False,InsPLAD-det/train/285-1_DJI_0393.jpg;InsPLAD-det/train/285-1_DJI_0394.jpg;InsPLAD-det/train/285-1_DJI_0395.jpg
fff7f7f736000000,3,False,InsPLAD-det/train/285-2_DJI_0367.jpg;InsPLAD-det/train/285-2_DJI_0368.jpg;InsPLAD-det/train/285-2_DJI_0371.jpg
ff1f181818181818,3,False,InsPLAD-det/train/286-1_DJI_0264.jpg;InsPLAD-det/train/286-1_DJI_0265.jpg;InsPLAD-det/train/286-1_DJI_0266.jpg
ffff080808080808,5,False,InsPLAD-det/train/286-1_DJI_0285.jpg;InsPLAD-det/train/286-1_DJI_0287.jpg;InsPLAD-det/train/286-1_DJI_0288.jpg;InsPLAD-det/train/286-1_DJI_0290.jpg;InsPLAD-det/train/286-1_DJI_0291.jpg
fffcf0c000000000,2,False,InsPLAD-det/train/288-3_DJI_0566.jpg;InsPLAD-det/train/288-3_DJI_0567.jpg
fff8f08000000000,3,False,InsPLAD-det/train/288-3_DJI_0569.jpg;InsPLAD-det/train/288-3_DJI_0571.jpg;InsPLAD-det/train/288-3_DJI_0572.jpg
ffff170000000000,3,False,InsPLAD-det/train/288-3_DJI_0586.jpg;InsPLAD-det/train/288-3_DJI_0588.jpg;InsPLAD-det/train/288-3_DJI_0590.jpg
ffff171000000000,2,False,InsPLAD-det/train/288-3_DJI_0587.jpg;InsPLAD-det/train/288-3_DJI_0589.jpg
fffffc1810000000,3,False,InsPLAD-det/train/287-2_DJI_0127.jpg;InsPLAD-det/train/287-2_DJI_0128.jpg;InsPLAD-det/train/287-2_DJI_0131.jpg
fffffc1800000000,2,False,InsPLAD-det/train/287-2_DJI_0130.jpg;InsPLAD-det/train/287-2_DJI_0134.jpg
fffffc1808080008,2,False,InsPLAD-det/train/287-2_DJI_0132.jpg;InsPLAD-det/train/287-2_DJI_0133.jpg
fef8000000000000,2,False,InsPLAD-det/train/288-3_DJI_0552.jpg;InsPLAD-det/train/288-3_DJI_0553.jpg
e7ffffff00000000,2,True,InsPLAD-det/train/295-1_DJI_0195.jpg;supervised_fault_classification/defect_supervised/polymer-insulator-upper-shackle/train/normal/Fotos 10-12-2020_DJI_0117_manilha_isolador_superior_821.jpg
ffff981818181818,4,False,supervised_fault_classification/defect_supervised/glass-insulator/train/good/Fotos 01-12-2020_DJI_0016_cadeia_isolador_vidro_340.jpg;supervised_fault_classification/defect_supervised/glass-insulator/train/good/Fotos 04-12-2020_DJI_0712_cadeia_isolador_vidro_1187.jpg;supervised_fault_classification/defect_supervised/glass-insulator/train/missing-cap/Fotos 01-12-2020_DJI_0015_cadeia_isolador_vidro_339.jpg;supervised_fault_classification/defect_supervised/glass-insulator/train/missing-cap/Fotos 01-12-2020_DJI_0015_cadeia_isolador_vidro_339_6.jpg
ffff181818181818,4,False,supervised_fault_classification/defect_supervised/glass-insulator/train/good/Fotos 01-12-2020_DJI_0286_cadeia_isolador_vidro_178.jpg;supervised_fault_classification/defect_supervised/glass-insulator/train/good/Fotos 01-12-2020_DJI_0333_cadeia_isolador_vidro_129.jpg;supervised_fault_classification/defect_supervised/glass-insulator/train/good/Fotos 01-12-2020_DJI_0335_cadeia_isolador_vidro_131.jpg;supervised_fault_classification/defect_supervised/glass-insulator/train/good/Fotos 03-12-2020_DJI_0160_cadeia_isolador_vidro_974.jpg
efe7e7e7e7000000,3,False,supervised_fault_classification/defect_supervised/glass-insulator/train/good/Fotos 01-12-2020_DJI_0368_cadeia_isolador_vidro_152.jpg;supervised_fault_classification/defect_supervised/glass-insulator/train/good/Fotos 01-12-2020_DJI_0369_cadeia_isolador_vidro_153.jpg;supervised_fault_classification/defect_supervised/glass-insulator/train/good/Fotos 01-12-2020_DJI_0370_cadeia_isolador_vidro_154.jpg
ffffffe700000000,2,False,supervised_fault_classification/defect_supervised/glass-insulator/train/good/Fotos 01-12-2020_DJI_0519_cadeia_isolador_vidro_40.jpg;supervised_fault_classification/defect_supervised/glass-insulator/train/good/Fotos 26-11-2020_DJI_0409_cadeia_isolador_vidro_1940.jpg
e7e7e7e7e7000000,5,False,supervised_fault_classification/defect_supervised/glass-insulator/train/good/Fotos 02-12-2020_DJI_0081_cadeia_isolador_vidro_639.jpg;supervised_fault_classification/defect_supervised/glass-insulator/train/good/Fotos 26-11-2020_DJI_0425_cadeia_isolador_vidro_1951.jpg;supervised_fault_classification/defect_supervised/glass-insulator/train/good/Fotos 26-11-2020_DJI_0427_cadeia_isolador_vidro_1953.jpg;supervised_fault_classification/defect_supervised/glass-insulator/train/good/Fotos 26-11-2020_DJI_0428_cadeia_isolador_vidro_1954.jpg;supervised_fault_classification/defect_supervised/polymer-insulator-upper-shackle/train/normal/Fotos 10-12-2020_DJI_0252_manilha_isolador_superior_774.jpg
e7e7e7e7e7e70000,2,False,supervised_fault_classification/defect_supervised/glass-insulator/train/good/Fotos 02-12-2020_DJI_0199_cadeia_isolador_vidro_585.jpg;supervised_fault_classification/defect_supervised/glass-insulator/train/good/Fotos 30-11-2020_DJI_0265_cadeia_isolador_vidro_2792.jpg
ffff000018181818,2,False,supervised_fault_classification/defect_supervised/glass-insulator/train/good/Fotos 03-12-2020_DJI_0014_cadeia_isolador_vidro_1031.jpg;supervised_fault_classification/defect_supervised/glass-insulator/train/good/Fotos 03-12-2020_DJI_0017_cadeia_isolador_vidro_1034.jpg
f7f7e7e7e7000000,2,False,supervised_fault_classification/defect_supervised/glass-insulator/train/good/Fotos 30-11-2020_DJI_0019_cadeia_isolador_vidro_2950.jpg;supervised_fault_classification/defect_supervised/glass-insulator/train/good/Fotos 30-11-2020_DJI_0020_cadeia_isolador_vidro_2951.jpg
fffcf00800000000,2,False,supervised_fault_classification/defect_supervised/glass-insulator/train/good/Fotos 30-11-2020_DJI_0571_cadeia_isolador_vidro_2637.jpg;supervised_fault_classification/defect_supervised/glass-insulator/train/good/Fotos 30-11-2020_DJI_0572_cadeia_isolador_vidro_2638.jpg
ff00e0ff00df8000,2,False,supervised_fault_classification/defect_supervised/glass-insulator/train/missing-cap/Fotos 01-12-2020_DJI_0350_cadeia_isolador_vidro_141_0.jpg;supervised_fault_classification/defect_supervised/glass-insulator/train/missing-cap/Fotos 01-12-2020_DJI_0350_cadeia_isolador_vidro_141_1.jpg
0002ffff07c00000,3,False,supervised_fault_classification/defect_supervised/glass-insulator/train/missing-cap/Fotos 03-12-2020_DJI_0325_cadeia_isolador_vidro_877.jpg;supervised_fault_classification/defect_supervised/glass-insulator/train/missing-cap/Fotos 03-12-2020_DJI_0325_cadeia_isolador_vidro_877_0.jpg;supervised_fault_classification/defect_supervised/glass-insulator/train/missing-cap/Fotos 03-12-2020_DJI_0325_cadeia_isolador_vidro_877_4.jpg
7771097ffc010300,3,False,supervised_fault_classification/defect_supervised/glass-insulator/train/missing-cap/Fotos 03-12-2020_DJI_0333_cadeia_isolador_vidro_884.jpg;supervised_fault_classification/defect_supervised/glass-insulator/train/missing-cap/Fotos 03-12-2020_DJI_0333_cadeia_isolador_vidro_884_0.jpg;supervised_fault_classification/defect_supervised/glass-insulator/train/missing-cap/Fotos 03-12-2020_DJI_0333_cadeia_isolador_vidro_884_1.jpg
f8f8f89898401818,2,False,supervised_fault_classification/defect_supervised/glass-insulator/train/missing-cap/Fotos 03-12-2020_DJI_0346_cadeia_isolador_vidro_892_0.jpg;supervised_fault_classification/defect_supervised/glass-insulator/train/missing-cap/Fotos 03-12-2020_DJI_0346_cadeia_isolador_vidro_892_8.jpg
66763b1f1f0f0787,2,False,supervised_fault_classification/defect_supervised/glass-insulator/train/missing-cap/Fotos 03-12-2020_DJI_0354_cadeia_isolador_vidro_901.jpg;supervised_fault_classification/defect_supervised/glass-insulator/train/missing-cap/Fotos 03-12-2020_DJI_0354_cadeia_isolador_vidro_901_7.jpg
0040ffff3f00c061,2,False,supervised_fault_classification/defect_supervised/glass-insulator/train/missing-cap/Fotos 03-12-2020_DJI_0365_cadeia_isolador_vidro_917.jpg;supervised_fault_classification/defect_supervised/glass-insulator/train/missing-cap/Fotos 03-12-2020_DJI_0365_cadeia_isolador_vidro_917_4.jpg
30101bffff010000,2,False,supervised_fault_classification/defect_supervised/glass-insulator/train/missing-cap/Fotos 03-12-2020_DJI_0368_cadeia_isolador_vidro_922_4.jpg;supervised_fault_classification/defect_supervised/glass-insulator/train/missing-cap/Fotos 03-12-2020_DJI_0368_cadeia_isolador_vidro_922_5.jpg
fcfc5c1818007fbd,2,False,supervised_fault_classification/defect_supervised/glass-insulator/train/missing-cap/Fotos 03-12-2020_DJI_0402_cadeia_isolador_vidro_791_2.jpg;supervised_fault_classification/defect_supervised/glass-insulator/train/missing-cap/Fotos 03-12-2020_DJI_0402_cadeia_isolador_vidro_791_4.jpg
1cd818181818dcde,2,False,supervised_fault_classification/defect_supervised/glass-insulator/train/missing-cap/Fotos 07-12-2020_DJI_0182_cadeia_isolador_vidro_1321.jpg;supervised_fault_classification/defect_supervised/glass-insulator/train/missing-cap/Fotos 07-12-2020_DJI_0182_cadeia_isolador_vidro_1321_1.jpg
7f080c1afa783918,2,False,supervised_fault_classification/defect_supervised/glass-insulator/train/missing-cap/Fotos 07-12-2020_DJI_0193_cadeia_isolador_vidro_1327_2.jpg;supervised_fault_classification/defect_supervised/glass-insulator/train/missing-cap/Fotos 07-12-2020_DJI_0193_cadeia_isolador_vidro_1327_7.jpg
c0c0c0f0f8ff3d07,2,False,supervised_fault_classification/defect_supervised/glass-insulator/train/missing-cap/Fotos 08-12-2020_DJI_0379_cadeia_isolador_vidro_1423_4.jpg;supervised_fault_classification/defect_supervised/glass-insulator/train/missing-cap/Fotos 08-12-2020_DJI_0379_cadeia_isolador_vidro_1423_8.jpg
0c1c1c1c3d3c78f8,2,False,supervised_fault_classification/defect_supervised/glass-insulator/train/missing-cap/Fotos 16-11-2020_DJI_0024_cadeia_isolador_vidro_1502_2.jpg;supervised_fault_classification/defect_supervised/glass-insulator/train/missing-cap/Fotos 16-11-2020_DJI_0024_cadeia_isolador_vidro_1502_5.jpg
0000309ffffff7e3,2,False,supervised_fault_classification/defect_supervised/glass-insulator/train/missing-cap/Fotos 19-10-2020_DJI_0067_cadeia_isolador_vidro_12_6.jpg;supervised_fault_classification/defect_supervised/glass-insulator/train/missing-cap/Fotos 19-10-2020_DJI_0067_cadeia_isolador_vidro_12_7.jpg
86cc0b1cf03d1f78,2,False,supervised_fault_classification/defect_supervised/glass-insulator/train/missing-cap/Fotos 19-10-2020_DJI_0068_cadeia_isolador_vidro_20_0.jpg;supervised_fault_classification/defect_supervised/glass-insulator/train/missing-cap/Fotos 19-10-2020_DJI_0068_cadeia_isolador_vidro_20_2.jpg
8688089cf83f3ff8,3,False,supervised_fault_classification/defect_supervised/glass-insulator/train/missing-cap/Fotos 19-10-2020_DJI_0068_cadeia_isolador_vidro_20_1.jpg;supervised_fault_classification/defect_supervised/glass-insulator/train/missing-cap/Fotos 19-10-2020_DJI_0068_cadeia_isolador_vidro_20_7.jpg;supervised_fault_classification/defect_supervised/glass-insulator/train/missing-cap/Fotos 19-10-2020_DJI_0068_cadeia_isolador_vidro_20_8.jpg
0707bf9f1f3520e0,2,False,supervised_fault_classification/defect_supervised/glass-insulator/train/missing-cap/Fotos 21-10-2020_DJI_0557_cadeia_isolador_vidro_1630_0.jpg;supervised_fault_classification/defect_supervised/glass-insulator/train/missing-cap/Fotos 21-10-2020_DJI_0557_cadeia_isolador_vidro_1630_5.jpg
0707bf9f1f012060,2,False,supervised_fault_classification/defect_supervised/glass-insulator/train/missing-cap/Fotos 21-10-2020_DJI_0557_cadeia_isolador_vidro_1630_4.jpg;supervised_fault_classification/defect_supervised/glass-insulator/train/missing-cap/Fotos 21-10-2020_DJI_0557_cadeia_isolador_vidro_1630_8.jpg
f53801fffd81091b,2,False,supervised_fault_classification/defect_supervised/glass-insulator/train/missing-cap/Fotos 21-10-2020_DJI_0560_cadeia_isolador_vidro_1632_0.jpg;supervised_fault_classification/defect_supervised/glass-insulator/train/missing-cap/Fotos 21-10-2020_DJI_0560_cadeia_isolador_vidro_1632_3.jpg
001f170f7ff30000,2,False,supervised_fault_classification/defect_supervised/glass-insulator/train/missing-cap/Fotos 21-10-2020_DJI_0628_cadeia_isolador_vidro_1545.jpg;supervised_fault_classification/defect_supervised/glass-insulator/train/missing-cap/Fotos 21-10-2020_DJI_0628_cadeia_isolador_vidro_1545_8.jpg
3c3c00183c3c1c3c,4,False,supervised_fault_classification/defect_supervised/glass-insulator/train/missing-cap/Fotos 25-11-2020_DJI_0196_cadeia_isolador_vidro_1863.jpg;supervised_fault_classification/defect_supervised/glass-insulator/train/missing-cap/Fotos 25-11-2020_DJI_0196_cadeia_isolador_vidro_1863_0.jpg;supervised_fault_classification/defect_supervised/glass-insulator/train/missing-cap/Fotos 25-11-2020_DJI_0196_cadeia_isolador_vidro_1863_3.jpg;supervised_fault_classification/defect_supervised/glass-insulator/train/missing-cap/Fotos 25-11-2020_DJI_0196_cadeia_isolador_vidro_1863_8.jpg
999bdc9898989898,2,False,supervised_fault_classification/defect_supervised/glass-insulator/train/missing-cap/Fotos 25-11-2020_DJI_0448_cadeia_isolador_vidro_1774_5.jpg;supervised_fault_classification/defect_supervised/glass-insulator/train/missing-cap/Fotos 25-11-2020_DJI_0448_cadeia_isolador_vidro_1774_6.jpg
909190d8d8d8c8cc,2,False,supervised_fault_classification/defect_supervised/glass-insulator/train/missing-cap/Fotos 25-11-2020_DJI_0451_cadeia_isolador_vidro_1779_2.jpg;supervised_fault_classification/defect_supervised/glass-insulator/train/missing-cap/Fotos 25-11-2020_DJI_0451_cadeia_isolador_vidro_1779_4.jpg
191b19191919d979,3,False,supervised_fault_classification/defect_supervised/glass-insulator/train/missing-cap/Fotos 25-11-2020_DJI_0451_cadeia_isolador_vidro_1780_0.jpg;supervised_fault_classification/defect_supervised/glass-insulator/train/missing-cap/Fotos 25-11-2020_DJI_0451_cadeia_isolador_vidro_1780_3.jpg;supervised_fault_classification/defect_supervised/glass-insulator/train/missing-cap/Fotos 25-11-2020_DJI_0451_cadeia_isolador_vidro_1780_8.jpg
3c3c3c083c080018,3,False,supervised_fault_classification/defect_supervised/glass-insulator/train/missing-cap/Fotos 27-11-2020_DJI_0104_cadeia_isolador_vidro_2586.jpg;supervised_fault_classification/defect_supervised/glass-insulator/train/missing-cap/Fotos 27-11-2020_DJI_0104_cadeia_isolador_vidro_2586_4.jpg;supervised_fault_classification/defect_supervised/glass-insulator/train/missing-cap/Fotos 27-11-2020_DJI_0104_cadeia_isolador_vidro_2586_8.jpg
ff00000f2f2f1f07,2,False,supervised_fault_classification/defect_supervised/lightning-rod-suspension/train/good/Fotos 04-12-2020_DJI_0731_suspensao_para_raio_90.jpg;supervised_fault_classification/defect_supervised/lightning-rod-suspension/train/good/Fotos 04-12-2020_DJI_0732_suspensao_para_raio_91.jpg
ef87878703230303,3,False,supervised_fault_classification/defect_supervised/lightning-rod-suspension/train/good/Fotos 19-10-2020_DJI_0015_suspensao_para_raio_5.jpg;supervised_fault_classification/defect_supervised/lightning-rod-suspension/train/good/Fotos 19-10-2020_DJI_0017_suspensao_para_raio_7.jpg;supervised_fault_classification/defect_supervised/lightning-rod-suspension/val/good/Fotos 19-10-2020_DJI_0016_suspensao_para_raio_6.jpg
e7c383070f070303,2,False,supervised_fault_classification/defect_supervised/lightning-rod-suspension/train/good/Fotos 20-10-2020_DJI_0216_suspensao_para_raio_468.jpg;supervised_fault_classification/defect_supervised/lightning-rod-suspension/train/good/Fotos 20-10-2020_DJI_0223_suspensao_para_raio_475.jpg
ffc383070f1f3f07,2,False,supervised_fault_classification/defect_supervised/lightning-rod-suspension/train/good/Fotos 20-10-2020_DJI_0217_suspensao_para_raio_469.jpg;supervised_fault_classification/defect_supervised/lightning-rod-suspension/val/good/Fotos 20-10-2020_DJI_0218_suspensao_para_raio_470.jpg
f3e0e0f0f0e0c3e3,2,False,supervised_fault_classification/defect_supervised/lightning-rod-suspension/train/good/Fotos 20-10-2020_DJI_0326_suspensao_para_raio_459.jpg;supervised_fault_classification/defect_supervised/lightning-rod-suspension/val/good/Fotos 20-10-2020_DJI_0327_suspensao_para_raio_460.jpg
1f3f070607061614,2,False,supervised_fault_classification/defect_supervised/lightning-rod-suspension/train/rust/01-06-2021_DJI_0092_20.jpg;supervised_fault_classification/defect_supervised/lightning-rod-suspension/train/rust/01-06-2021_DJI_0092_20_5.jpg
fc7c0008080818fe,3,False,supervised_fault_classification/defect_supervised/lightning-rod-suspension/train/rust/01-06-2021_DJI_0245_72.jpg;supervised_fault_classification/defect_supervised/lightning-rod-suspension/train/rust/01-06-2021_DJI_0245_72_5.jpg;supervised_fault_classification/defect_supervised/lightning-rod-suspension/train/rust/01-06-2021_DJI_0245_72_6.jpg
fcfe000018181c3c,2,False,supervised_fault_classification/defect_supervised/lightning-rod-suspension/train/rust/01-06-2021_DJI_0333_99.jpg;supervised_fault_classification/defect_supervised/lightning-rod-suspension/train/rust/01-06-2021_DJI_0333_99_7.jpg
fef4c5031b193c80,2,False,supervised_fault_classification/defect_supervised/lightning-rod-suspension/train/rust/02-06-2021_DJI_0046_194.jpg;supervised_fault_classification/defect_supervised/lightning-rod-suspension/train/rust/02-06-2021_DJI_0046_194_4.jpg
ec7f64f0d81c3c80,3,False,supervised_fault_classification/defect_supervised/lightning-rod-suspension/train/rust/02-06-2021_DJI_0376_263.jpg;supervised_fault_classification/defect_supervised/lightning-rod-suspension/train/rust/02-06-2021_DJI_0376_263_2.jpg;supervised_fault_classification/defect_supervised/lightning-rod-suspension/train/rust/02-06-2021_DJI_0376_263_4.jpg
dbdc6870f9dc10e0,2,False,supervised_fault_classification/defect_supervised/lightning-rod-suspension/train/rust/02-06-2021_DJI_0376_263_5.jpg;supervised_fault_classification/defect_supervised/lightning-rod-suspension/train/rust/02-06-2021_DJI_0376_263_6.jpg
ec46000098fffff7,2,False,supervised_fault_classification/defect_supervised/lightning-rod-suspension/train/rust/02-06-2021_DJI_0591_279_5.jpg;supervised_fault_classification/defect_supervised/lightning-rod-suspension/train/rust/02-06-2021_DJI_0591_279_6.jpg
072727377f7f77c3,2,False,supervised_fault_classification/defect_supervised/lightning-rod-suspension/train/rust/08-06-2021_DJI_0180_330.jpg;supervised_fault_classification/defect_supervised/lightning-rod-suspension/train/rust/08-06-2021_DJI_0180_330_8.jpg
71e0e0f0f0eeeee2,2,False,supervised_fault_classification/defect_supervised/lightning-rod-suspension/train/rust/08-06-2021_DJI_0370_409_3.jpg;supervised_fault_classification/defect_supervised/lightning-rod-suspension/train/rust/08-06-2021_DJI_0370_409_4.jpg
fcfc80ec90f8fcc0,2,False,supervised_fault_classification/defect_supervised/lightning-rod-suspension/train/rust/08-06-2021_DJI_0420_430.jpg;supervised_fault_classification/defect_supervised/lightning-rod-suspension/train/rust/08-06-2021_DJI_0420_430_4.jpg
3fe0f404183cffc3,2,False,supervised_fault_classification/defect_supervised/lightning-rod-suspension/train/rust/09-06-2021_DJI_0298_525_2.jpg;supervised_fault_classification/defect_supervised/lightning-rod-suspension/train/rust/09-06-2021_DJI_0298_525_3.jpg
8f3f3f00003c7d00,3,False,supervised_fault_classification/defect_supervised/lightning-rod-suspension/train/rust/09-06-2021_DJI_0299_526.jpg;supervised_fault_classification/defect_supervised/lightning-rod-suspension/train/rust/09-06-2021_DJI_0299_526_2.jpg;supervised_fault_classification/defect_supervised/lightning-rod-suspension/train/rust/09-06-2021_DJI_0299_526_8.jpg
cf8464fcfcec04e4,2,False,supervised_fault_classification/defect_supervised/lightning-rod-suspension/train/rust/10-06-2021_DJI_0052_621.jpg;supervised_fault_classification/defect_supervised/lightning-rod-suspension/train/rust/10-06-2021_DJI_0052_621_7.jpg
f321263f3f372027,3,False,supervised_fault_classification/defect_supervised/lightning-rod-suspension/train/rust/10-06-2021_DJI_0052_621_3.jpg;supervised_fault_classification/defect_supervised/lightning-rod-suspension/train/rust/10-06-2021_DJI_0052_621_4.jpg;supervised_fault_classification/defect_supervised/lightning-rod-suspension/train/rust/10-06-2021_DJI_0052_621_5.jpg
ffee60e0208c0602,2,False,supervised_fault_classification/defect_supervised/lightning-rod-suspension/train/rust/10-06-2021_DJI_0374_679.jpg;supervised_fault_classification/defect_supervised/lightning-rod-suspension/train/rust/10-06-2021_DJI_0374_679_0.jpg
ff83c3c30b1d7f01,2,False,supervised_fault_classification/defect_supervised/lightning-rod-suspension/train/rust/15-06-2021_DJI_0004_714.jpg;supervised_fault_classification/defect_supervised/lightning-rod-suspension/train/rust/15-06-2021_DJI_0004_714_2.jpg
fdd880ccc6a70126,2,False,supervised_fault_classification/defect_supervised/lightning-rod-suspension/train/rust/15-06-2021_DJI_0050_728_1.jpg;supervised_fault_classification/defect_supervised/lightning-rod-suspension/train/rust/15-06-2021_DJI_0050_728_2.jpg
5ffe00000c1f7e03,2,False,supervised_fault_classification/defect_supervised/lightning-rod-suspension/train/rust/15-06-2021_DJI_0196_758_5.jpg;supervised_fault_classification/defect_supervised/lightning-rod-suspension/train/rust/15-06-2021_DJI_0196_758_6.jpg
e02080f4fcf4f8d9,2,False,supervised_fault_classification/defect_supervised/lightning-rod-suspension/train/rust/Fotos 09-12-2020_DJI_0298_suspensao_para_raio_131_1.jpg;supervised_fault_classification/defect_supervised/lightning-rod-suspension/train/rust/Fotos 09-12-2020_DJI_0298_suspensao_para_raio_131_7.jpg
6e67018181999900,2,False,supervised_fault_classification/defect_supervised/lightning-rod-suspension/val/good/Fotos 17-11-2020_DJI_0234_suspensao_para_raio_271.jpg;supervised_fault_classification/defect_supervised/lightning-rod-suspension/val/good/Fotos 17-11-2020_DJI_0235_suspensao_para_raio_272.jpg
a1d91bb0de17b030,2,False,supervised_fault_classification/defect_supervised/polymer-insulator-upper-shackle/train/corrosão/01-06-2021_DJI_0037_9_4.jpg;supervised_fault_classification/defect_supervised/polymer-insulator-upper-shackle/train/corrosão/01-06-2021_DJI_0037_9_8.jpg
03074f3e1f3f571f,2,False,supervised_fault_classification/defect_supervised/polymer-insulator-upper-shackle/train/corrosão/01-06-2021_DJI_0073_13.jpg;supervised_fault_classification/defect_supervised/polymer-insulator-upper-shackle/train/corrosão/01-06-2021_DJI_0073_13_2.jpg
83c3e7e7002fffef,4,False,supervised_fault_classification/defect_supervised/polymer-insulator-upper-shackle/train/corrosão/01-06-2021_DJI_0271_83.jpg;supervised_fault_classification/defect_supervised/polymer-insulator-upper-shackle/train/corrosão/01-06-2021_DJI_0271_83_1.jpg;supervised_fault_classification/defect_supervised/polymer-insulator-upper-shackle/train/corrosão/01-06-2021_DJI_0271_83_6.jpg;supervised_fault_classification/defect_supervised/polymer-insulator-upper-shackle/train/corrosão/01-06-2021_DJI_0271_83_8.jpg
4020181d1f070f0e,3,False,supervised_fault_classification/defect_supervised/polymer-insulator-upper-shackle/train/corrosão/01-06-2021_DJI_0329_98_0.jpg;supervised_fault_classification/defect_supervised/polymer-insulator-upper-shackle/train/corrosão/01-06-2021_DJI_0329_98_1.jpg;supervised_fault_classification/defect_supervised/polymer-insulator-upper-shackle/train/corrosão/01-06-2021_DJI_0329_98_7.jpg
00809c9dd9e2e7ff,2,False,supervised_fault_classification/defect_supervised/polymer-insulator-upper-shackle/train/corrosão/01-06-2021_DJI_0597_170.jpg;supervised_fault_classification/defect_supervised/polymer-insulator-upper-shackle/train/corrosão/01-06-2021_DJI_0597_170_8.jpg
81cbfbe7e7e7e7e7,3,False,supervised_fault_classification/defect_supervised/polymer-insulator-upper-shackle/train/corrosão/02-06-2021_DJI_0048_195.jpg;supervised_fault_classification/defect_supervised/polymer-insulator-upper-shackle/train/corrosão/02-06-2021_DJI_0048_195_5.jpg;supervised_fault_classification/defect_supervised/polymer-insulator-upper-shackle/train/corrosão/02-06-2021_DJI_0048_195_6.jpg
1881c1e7e7e7f7f7,2,False,supervised_fault_classification/defect_supervised/polymer-insulator-upper-shackle/train/corrosão/02-06-2021_DJI_0141_224_2.jpg;supervised_fault_classification/defect_supervised/polymer-insulator-upper-shackle/train/corrosão/02-06-2021_DJI_0141_224_8.jpg
477ffb08ae419785,2,False,supervised_fault_classification/defect_supervised/polymer-insulator-upper-shackle/train/corrosão/02-06-2021_DJI_0334_255_2.jpg;supervised_fault_classification/defect_supervised/polymer-insulator-upper-shackle/train/corrosão/02-06-2021_DJI_0334_255_4.jpg
89bc3cdd19181f0f,2,False,supervised_fault_classification/defect_supervised/polymer-insulator-upper-shackle/train/corrosão/02-06-2021_DJI_0379_265_6.jpg;supervised_fault_classification/defect_supervised/polymer-insulator-upper-shackle/train/corrosão/02-06-2021_DJI_0379_265_7.jpg
c3c3e7e7e7e7e7e7,2,False,supervised_fault_classification/defect_supervised/polymer-insulator-upper-shackle/train/corrosão/02-06-2021_DJI_0527_275.jpg;supervised_fault_classification/defect_supervised/polymer-insulator-upper-shackle/train/corrosão/02-06-2021_DJI_0527_275_6.jpg
83c3e7e7e7f7f7e7,2,False,supervised_fault_classification/defect_supervised/polymer-insulator-upper-shackle/train/corrosão/02-06-2021_DJI_0527_275_4.jpg;supervised_fault_classification/defect_supervised/polymer-insulator-upper-shackle/val/good/Fotos 03-12-2020_DJI_0504_manilha_isolador_superior_270.jpg
c3f7f7ffffe48000,2,False,supervised_fault_classification/defect_supervised/polymer-insulator-upper-shackle/train/corrosão/02-06-2021_DJI_0528_276_4.jpg;supervised_fault_classification/defect_supervised/polymer-insulator-upper-shackle/train/corrosão/02-06-2021_DJI_0528_276_6.jpg
00819bffffe7e7ef,2,False,supervised_fault_classification/defect_supervised/polymer-insulator-upper-shackle/train/corrosão/02-06-2021_DJI_0595_282.jpg;supervised_fault_classification/defect_supervised/polymer-insulator-upper-shackle/train/corrosão/02-06-2021_DJI_0595_282_2.jpg
c3cbe7e7f7f7e500,2,False,supervised_fault_classification/defect_supervised/polymer-insulator-upper-shackle/train/corrosão/02-06-2021_DJI_0643_293.jpg;supervised_fault_classification/defect_supervised/polymer-insulator-upper-shackle/train/corrosão/02-06-2021_DJI_0643_293_0.jpg
e3f7f7fffce32100,2,False,supervised_fault_classification/defect_supervised/polymer-insulator-upper-shackle/train/corrosão/02-06-2021_DJI_0644_294_1.jpg;supervised_fault_classification/defect_supervised/polymer-insulator-upper-shackle/train/corrosão/02-06-2021_DJI_0644_294_4.jpg
c7efefff3fc78400,2,False,supervised_fault_classification/defect_supervised/polymer-insulator-upper-shackle/train/corrosão/02-06-2021_DJI_0644_294_5.jpg;supervised_fault_classification/defect_supervised/polymer-insulator-upper-shackle/train/corrosão/02-06-2021_DJI_0644_294_6.jpg
2434ffefffd11810,2,False,supervised_fault_classification/defect_supervised/polymer-insulator-upper-shackle/train/corrosão/08-06-2021_DJI_0054_310_3.jpg;supervised_fault_classification/defect_supervised/polymer-insulator-upper-shackle/train/corrosão/08-06-2021_DJI_0054_310_5.jpg
c0ff80fe371850bf,2,False,supervised_fault_classification/defect_supervised/polymer-insulator-upper-shackle/train/corrosão/08-06-2021_DJI_0055_311_1.jpg;supervised_fault_classification/defect_supervised/polymer-insulator-upper-shackle/train/corrosão/08-06-2021_DJI_0055_311_3.jpg
008190e3fbef7f38,2,False,supervised_fault_classification/defect_supervised/polymer-insulator-upper-shackle/train/corrosão/08-06-2021_DJI_0201_340.jpg;supervised_fault_classification/defect_supervised/polymer-insulator-upper-shackle/train/corrosão/08-06-2021_DJI_0201_340_4.jpg
e0fedff9f010103e,2,False,supervised_fault_classification/defect_supervised/polymer-insulator-upper-shackle/train/corrosão/08-06-2021_DJI_0202_341_6.jpg;supervised_fault_classification/defect_supervised/polymer-insulator-upper-shackle/train/corrosão/08-06-2021_DJI_0202_341_7.jpg
00193effff0010ff,2,False,supervised_fault_classification/defect_supervised/polymer-insulator-upper-shackle/train/corrosão/08-06-2021_DJI_0226_343_0.jpg;supervised_fault_classification/defect_supervised/polymer-insulator-upper-shackle/train/corrosão/08-06-2021_DJI_0226_343_6.jpg
24246c767f387057,2,False,supervised_fault_classification/defect_supervised/polymer-insulator-upper-shackle/train/corrosão/08-06-2021_DJI_0272_378_6.jpg;supervised_fault_classification/defect_supervised/polymer-insulator-upper-shackle/train/corrosão/08-06-2021_DJI_0272_378_7.jpg
87cfff6ef9a40403,2,False,supervised_fault_classification/defect_supervised/polymer-insulator-upper-shackle/train/corrosão/08-06-2021_DJI_0322_398_0.jpg;supervised_fault_classification/defect_supervised/polymer-insulator-upper-shackle/train/corrosão/08-06-2021_DJI_0322_398_8.jpg
00e3ff7e9f2560c0,2,False,supervised_fault_classification/defect_supervised/polymer-insulator-upper-shackle/train/corrosão/08-06-2021_DJI_0322_398_2.jpg;supervised_fault_classification/defect_supervised/polymer-insulator-upper-shackle/train/corrosão/08-06-2021_DJI_0322_398_3.jpg
0481ddddcf27f6fc,2,False,supervised_fault_classification/defect_supervised/polymer-insulator-upper-shackle/train/corrosão/08-06-2021_DJI_0373_411_1.jpg;supervised_fault_classification/defect_supervised/polymer-insulator-upper-shackle/train/corrosão/08-06-2021_DJI_0373_411_5.jpg
81e4fceff8d01818,2,False,supervised_fault_classification/defect_supervised/polymer-insulator-upper-shackle/train/corrosão/09-06-2021_DJI_0083_463_0.jpg;supervised_fault_classification/defect_supervised/polymer-insulator-upper-shackle/train/corrosão/09-06-2021_DJI_0083_463_3.jpg
041e780018181b7e,2,False,supervised_fault_classification/defect_supervised/polymer-insulator-upper-shackle/train/corrosão/09-06-2021_DJI_0084_464.jpg;supervised_fault_classification/defect_supervised/polymer-insulator-upper-shackle/train/corrosão/09-06-2021_DJI_0084_464_5.jpg
81815ddbfefefcf4,2,False,supervised_fault_classification/defect_supervised/polymer-insulator-upper-shackle/train/corrosão/09-06-2021_DJI_0184_475_3.jpg;supervised_fault_classification/defect_supervised/polymer-insulator-upper-shackle/train/corrosão/09-06-2021_DJI_0184_475_7.jpg
000000e0fefffffd,2,False,supervised_fault_classification/defect_supervised/polymer-insulator-upper-shackle/train/corrosão/09-06-2021_DJI_0405_541_0.jpg;supervised_fault_classification/defect_supervised/polymer-insulator-upper-shackle/train/corrosão/09-06-2021_DJI_0405_541_8.jpg
2829fddfffff17f9,2,False,supervised_fault_classification/defect_supervised/polymer-insulator-upper-shackle/train/corrosão/09-06-2021_DJI_0457_561_4.jpg;supervised_fault_classification/defect_supervised/polymer-insulator-upper-shackle/train/corrosão/09-06-2021_DJI_0457_561_8.jpg
32138cf9f9387078,2,False,supervised_fault_classification/defect_supervised/polymer-insulator-upper-shackle/train/corrosão/09-06-2021_DJI_0483_594_0.jpg;supervised_fault_classification/defect_supervised/polymer-insulator-upper-shackle/train/corrosão/09-06-2021_DJI_0483_594_3.jpg
02f7ff0c9ecc2783,2,False,supervised_fault_classification/defect_supervised/polymer-insulator-upper-shackle/train/corrosão/Fotos 11-12-2020_DJI_0046_manilha_isolador_superior_917_0.jpg;supervised_fault_classification/defect_supervised/polymer-insulator-upper-shackle/train/corrosão/Fotos 11-12-2020_DJI_0046_manilha_isolador_superior_917_8.jpg
00e0ff1b1918181c,2,False,supervised_fault_classification/defect_supervised/polymer-insulator-upper-shackle/train/corrosão/Fotos 19-10-2020_DJI_0083_manilha_isolador_superior_16.jpg;supervised_fault_classification/defect_supervised/polymer-insulator-upper-shackle/train/corrosão/Fotos 19-10-2020_DJI_0083_manilha_isolador_superior_16_1.jpg
00a07e1b1a18181c,2,False,supervised_fault_classification/defect_supervised/polymer-insulator-upper-shackle/train/corrosão/Fotos 19-10-2020_DJI_0084_manilha_isolador_superior_17.jpg;supervised_fault_classification/defect_supervised/polymer-insulator-upper-shackle/train/corrosão/Fotos 19-10-2020_DJI_0084_manilha_isolador_superior_17_2.jpg
00005c1b1b19181c,2,False,supervised_fault_classification/defect_supervised/polymer-insulator-upper-shackle/train/corrosão/Fotos 19-10-2020_DJI_0085_manilha_isolador_superior_18.jpg;supervised_fault_classification/defect_supervised/polymer-insulator-upper-shackle/train/corrosão/Fotos 19-10-2020_DJI_0085_manilha_isolador_superior_18_3.jpg
00003ad8d8981838,2,False,supervised_fault_classification/defect_supervised/polymer-insulator-upper-shackle/train/corrosão/Fotos 19-10-2020_DJI_0085_manilha_isolador_superior_18_7.jpg;supervised_fault_classification/defect_supervised/polymer-insulator-upper-shackle/train/corrosão/Fotos 19-10-2020_DJI_0085_manilha_isolador_superior_18_8.jpg
0060381c3898d81c,2,False,supervised_fault_classification/defect_supervised/polymer-insulator-upper-shackle/train/corrosão/Fotos 19-10-2020_DJI_0088_manilha_isolador_superior_19.jpg;supervised_fault_classification/defect_supervised/polymer-insulator-upper-shackle/train/corrosão/Fotos 19-10-2020_DJI_0088_manilha_isolador_superior_19_5.jpg
0060e7ffffe76767,2,False,supervised_fault_classification/defect_supervised/polymer-insulator-upper-shackle/train/corrosão/Fotos 23-10-2020_DJI_0062_manilha_isolador_superior_1394.jpg;supervised_fault_classification/defect_supervised/polymer-insulator-upper-shackle/train/corrosão/Fotos 23-10-2020_DJI_0062_manilha_isolador_superior_1394_6.jpg
0000e7e7e7ffffe7,3,False,supervised_fault_classification/defect_supervised/polymer-insulator-upper-shackle/train/normal/Fotos 01-12-2020_DJI_0515_manilha_isolador_superior_27.jpg;supervised_fault_classification/defect_supervised/polymer-insulator-upper-shackle/train/normal/Fotos 02-12-2020_DJI_0078_manilha_isolador_superior_234.jpg;supervised_fault_classification/defect_supervised/polymer-insulator-upper-shackle/train/normal/Fotos 02-12-2020_DJI_0079_manilha_isolador_superior_235.jpg
e7e7e7e7e7e7e7c3,2,False,supervised_fault_classification/defect_supervised/polymer-insulator-upper-shackle/train/normal/Fotos 02-12-2020_DJI_0136_manilha_isolador_superior_222.jpg;supervised_fault_classification/defect_supervised/polymer-insulator-upper-shackle/train/normal/Fotos 02-12-2020_DJI_0521_manilha_isolador_superior_142.jpg
000007e7ffffffe7,2,False,supervised_fault_classification/defect_supervised/polymer-insulator-upper-shackle/train/normal/Fotos 03-12-2020_DJI_0151_manilha_isolador_superior_326.jpg;supervised_fault_classification/defect_supervised/polymer-insulator-upper-shackle/train/normal/Fotos 04-12-2020_DJI_0807_manilha_isolador_superior_418.jpg
00e7e7ffffe7e7e7,2,False,supervised_fault_classification/defect_supervised/polymer-insulator-upper-shackle/train/normal/Fotos 08-12-2020_DJI_0653_manilha_isolador_superior_580.jpg;supervised_fault_classification/defect_supervised/polymer-insulator-upper-shackle/train/normal/Fotos 09-12-2020_DJI_0350_manilha_isolador_superior_645.jpg
00ffffffff000000,2,False,supervised_fault_classification/defect_supervised/polymer-insulator-upper-shackle/train/normal/Fotos 10-12-2020_DJI_0340_manilha_isolador_superior_756.jpg;supervised_fault_classification/defect_supervised/polymer-insulator-upper-shackle/train/normal/Fotos 24-11-2020_DJI_0379_manilha_isolador_superior_1474.jpg
c2e7e7e7ffe7e7e7,2,False,supervised_fault_classification/defect_supervised/polymer-insulator-upper-shackle/train/normal/Fotos 20-10-2020_DJI_0108_manilha_isolador_superior_1265.jpg;supervised_fault_classification/defect_supervised/polymer-insulator-upper-shackle/train/normal/Fotos 20-10-2020_DJI_0109_manilha_isolador_superior_1266.jpg
030777e7ffe7e7e7,2,False,supervised_fault_classification/defect_supervised/polymer-insulator-upper-shackle/train/normal/Fotos 20-10-2020_DJI_0228_manilha_isolador_superior_1295.jpg;supervised_fault_classification/defect_supervised/polymer-insulator-upper-shackle/val/good/Fotos 20-10-2020_DJI_0229_manilha_isolador_superior_1296.jpg
181800c9ffe7f3bf,2,False,supervised_fault_classification/defect_supervised/vari-grip/train/bird-nest/08-06-2021_DJI_0089_322.jpg;supervised_fault_classification/defect_supervised/vari-grip/train/bird-nest/08-06-2021_DJI_0089_322_0.jpg
00c000195f677d7f,3,False,supervised_fault_classification/defect_supervised/vari-grip/train/bird-nest/08-06-2021_DJI_0285_392_3.jpg;supervised_fault_classification/defect_supervised/vari-grip/train/bird-nest/08-06-2021_DJI_0285_392_5.jpg;supervised_fault_classification/defect_supervised/vari-grip/train/bird-nest/08-06-2021_DJI_0285_392_7.jpg
00009ffffbe3e3f1,4,False,supervised_fault_classification/defect_supervised/vari-grip/train/bird-nest/10-06-2021_DJI_0244_649.jpg;supervised_fault_classification/defect_supervised/vari-grip/train/bird-nest/10-06-2021_DJI_0244_649_0.jpg;supervised_fault_classification/defect_supervised/vari-grip/train/bird-nest/10-06-2021_DJI_0244_649_2.jpg;supervised_fault_classification/defect_supervised/vari-grip/train/bird-nest/10-06-2021_DJI_0244_649_7.jpg
e0038347c7c7c7c7,2,False,supervised_fault_classification/defect_supervised/vari-grip/train/bird-nest/10-06-2021_DJI_0270_657.jpg;supervised_fault_classification/defect_supervised/vari-grip/train/bird-nest/10-06-2021_DJI_0270_657_1.jpg
07c0c1e2e3e3e3e3,2,False,supervised_fault_classification/defect_supervised/vari-grip/train/bird-nest/10-06-2021_DJI_0270_657_0.jpg;supervised_fault_classification/defect_supervised/vari-grip/train/bird-nest/10-06-2021_DJI_0270_657_4.jpg
0f1fcfd7f3e3f1fb,3,False,supervised_fault_classification/defect_supervised/vari-grip/train/bird-nest/10-06-2021_DJI_0271_658.jpg;supervised_fault_classification/defect_supervised/vari-grip/train/bird-nest/10-06-2021_DJI_0271_658_1.jpg;supervised_fault_classification/defect_supervised/vari-grip/train/bird-nest/10-06-2021_DJI_0271_658_2.jpg
0003f3f3f7c7c7f7,2,False,supervised_fault_classification/defect_supervised/vari-grip/train/bird-nest/11-06-2021_DJI_0121_4_2.jpg;supervised_fault_classification/defect_supervised/vari-grip/train/bird-nest/11-06-2021_DJI_0121_4_8.jpg
07c0c3c7c7e3e3e7,2,False,supervised_fault_classification/defect_supervised/vari-grip/train/bird-nest/15-06-2021_DJI_0016_718.jpg;supervised_fault_classification/defect_supervised/vari-grip/train/bird-nest/15-06-2021_DJI_0016_718_0.jpg
f0f3f7ebc3c3e7ef,2,False,supervised_fault_classification/defect_supervised/vari-grip/train/bird-nest/15-06-2021_DJI_0016_719_0.jpg;supervised_fault_classification/defect_supervised/vari-grip/train/bird-nest/15-06-2021_DJI_0016_719_1.jpg
0f0fefd7c3c3e3f3,2,False,supervised_fault_classification/defect_supervised/vari-grip/train/bird-nest/15-06-2021_DJI_0016_719_2.jpg;supervised_fault_classification/defect_supervised/vari-grip/train/bird-nest/15-06-2021_DJI_0016_719_8.jpg
0000e0f6f7e3e7ff,2,False,supervised_fault_classification/defect_supervised/vari-grip/train/bird-nest/15-06-2021_DJI_0044_725_1.jpg;supervised_fault_classification/defect_supervised/vari-grip/train/bird-nest/15-06-2021_DJI_0044_725_6.jpg
0306cefefae2f0fc,2,False,supervised_fault_classification/defect_supervised/vari-grip/train/bird-nest/15-06-2021_DJI_0044_726.jpg;supervised_fault_classification/defect_supervised/vari-grip/train/bird-nest/15-06-2021_DJI_0044_726_3.jpg
000000ffff000000,2,False,unsupervised_anomaly_detection/damper-preformed/train/good/Fotos 16-11-2020_DJI_0017_amortecedor_preformado_441.jpg;unsupervised_anomaly_detection/damper-preformed/train/good/Fotos 17-11-2020_DJI_0174_amortecedor_preformado_519.jpg
ffffffff1f000000,2,False,unsupervised_anomaly_detection/damper-preformed/train/good/Fotos 16-12-2020_DJI_0526_amortecedor_preformado_450.jpg;unsupervised_anomaly_detection/damper-stockbridge/test/good/Fotos 11-12-2020_DJI_0308_amortecedor_stockbridge_2305.jpg
3838383838383830,2,False,unsupervised_anomaly_detection/damper-stockbridge/test/good/Fotos 19-11-2020_DJI_0065_amortecedor_stockbridge_4137.jpg;unsupervised_anomaly_detection/damper-stockbridge/test/good/Fotos 20-11-2020_DJI_0070_amortecedor_stockbridge_4742.jpg
